34005870,Artificial Intelligence
34008826,Artificial Intelligence
34008842,Artificial Intelligence
34011275,Artificial Intelligence
34012525,Artificial Intelligence
34012576,Artificial Intelligence
34013397,Artificial Intelligence
34019439,Artificial Intelligence
34019814,Artificial Intelligence
34020045,Artificial Intelligence
34020640,Artificial Intelligence
34021160,Artificial Intelligence
34021402,Artificial Intelligence
34022740,Artificial Intelligence
34023408,Artificial Intelligence
34027048,Artificial Intelligence
34031031,Artificial Intelligence
34032732,Artificial Intelligence
34034911,Artificial Intelligence
34036048,Artificial Intelligence
34039173,Artificial Intelligence
34052161,Artificial Intelligence
34052924,Artificial Intelligence
78950656,Artificial Intelligence
78950657,Artificial Intelligence
34011796,Data Analytics
34011812,Data Analytics
34023640,Data Analytics
34036195,Data Analytics
34036969,Data Analytics
34037532,Data Analytics
34042346,Data Analytics
34047911,Data Analytics
34048628,Data Analytics
34048848,Data Analytics
34050937,Data Analytics
10290014,Data Analytics
10296587,Data Analytics
78915273,Data Analytics
78916669,Data Analytics
78917217,Data Analytics
78921973,Data Analytics
78933825,Data Analytics
78942169,Data Analytics
34034195,App Architecture
34044329,App Architecture
34048915,App Architecture
10264274,App Architecture
10269527,App Architecture
10284048,App Architecture
78911555,App Architecture
78938282,App Architecture
78940435,App Architecture
34011331,App Testing 1
34029749,App Testing 1
34033893,App Testing 1
34037699,App Testing 1
34037981,App Testing 1
34038225,App Testing 1
34039408,App Testing 1
34055881,App Testing 1
34055980,App Testing 1
34056604,App Testing 1
10256293,App Testing 1
10261512,App Testing 1
10290499,App Testing 1
78906283,App Testing 1
78917083,App Testing 1
78933289,App Testing 1
78937480,App Testing 1
78946919,App Testing 1
34007514,App Testing 2
34011803,App Testing 2
34037530,App Testing 2
34051917,App Testing 2
10253859,App Testing 2
10265071,App Testing 2
10281658,App Testing 2
10290978,App Testing 2
10299892,App Testing 2
78918626,App Testing 2
78932303,App Testing 2
78941194,App Testing 2
78941375,App Testing 2
78942388,App Testing 2
78943647,App Testing 2
78948028,App Testing 2
34011327,App Testing 3
34011332,App Testing 3
34020439,App Testing 3
34022600,App Testing 3
34022681,App Testing 3
34023342,App Testing 3
34036077,App Testing 3
34036162,App Testing 3
34036196,App Testing 3
34048838,App Testing 3
10257571,App Testing 3
10269998,App Testing 3
10269999,App Testing 3
10273836,App Testing 3
10289349,App Testing 3
10289425,App Testing 3
10290484,App Testing 3
10291808,App Testing 3
10297082,App Testing 3
10298361,App Testing 3
10299322,App Testing 3
10299381,App Testing 3
78907023,App Testing 3
78920671,App Testing 3
78931018,App Testing 3
78941374,App Testing 3
78943649,App Testing 3
78947304,App Testing 3
34009323,App Testing 4
34015403,App Testing 4
34015715,App Testing 4
34015716,App Testing 4
34015909,App Testing 4
34017852,App Testing 4
34026020,App Testing 4
34033019,App Testing 4
34033466,App Testing 4
34033980,App Testing 4
34035371,App Testing 4
34044137,App Testing 4
34047574,App Testing 4
34053327,App Testing 4
34054943,App Testing 4
10288130,App Testing 4
10291549,App Testing 4
10293738,App Testing 4
78909053,App Testing 4
78914799,App Testing 4
78917291,App Testing 4
78928790,App Testing 4
78938223,App Testing 4
78945229,App Testing 4
78946012,App Testing 4
34011328,App Testing 5
34011333,App Testing 5
34015405,App Testing 5
34030483,App Testing 5
34030612,App Testing 5
34032034,App Testing 5
34037537,App Testing 5
34037698,App Testing 5
34037982,App Testing 5
34037983,App Testing 5
34042983,App Testing 5
34043410,App Testing 5
34044124,App Testing 5
34049837,App Testing 5
34053126,App Testing 5
10260471,App Testing 5
10291090,App Testing 5
10292867,App Testing 5
10298343,App Testing 5
78902880,App Testing 5
78933552,App Testing 5
78947985,App Testing 5
34036075,App Testing 6
34036153,App Testing 6
34036157,App Testing 6
34036165,App Testing 6
34036307,App Testing 6
34036317,App Testing 6
34036318,App Testing 6
34052058,App Testing 6
34052059,App Testing 6
34052060,App Testing 6
34052062,App Testing 6
34052063,App Testing 6
34052107,App Testing 6
34052115,App Testing 6
34011807,App Testing HEC
34012892,App Testing HEC
34012895,App Testing HEC
34055391,App Testing HEC
78902940,App Testing HEC
78902941,App Testing HEC
78910351,App Testing HEC
78927356,App Testing HEC
78927550,App Testing HEC
78947989,App Testing HEC
78948403,App Testing HEC
34039422,App Testing Mgr
10231783,App Testing Mgr
10232075,App Testing Mgr
10236638,App Testing Mgr
10243038,App Testing Mgr
10250098,App Testing Mgr
10281594,App Testing Mgr
10294419,App Testing Mgr
78902852,App Testing Mgr
78932136,App Testing Mgr
78934937,App Testing Mgr
78948030,App Testing Mgr
10294482,App Testing Novella
78913341,App Testing Novella
34015404,App Testing Q2
34022186,App Testing Q2
34032035,App Testing Q2
34033129,App Testing Q2
34037025,App Testing Q2
34037254,App Testing Q2
34037257,App Testing Q2
34039119,App Testing Q2
34048464,App Testing Q2
34054011,App Testing Q2
10252186,App Testing Q2
10272350,App Testing Q2
10275099,App Testing Q2
10275100,App Testing Q2
10292428,App Testing Q2
10296296,App Testing Q2
78903006,App Testing Q2
78945383,App Testing Q2
78946046,App Testing Q2
78947678,App Testing Q2
78947881,App Testing Q2
34011329,App Testing Siebel
34011339,App Testing Siebel
34011790,App Testing Siebel
34011791,App Testing Siebel
34041442,App Testing Siebel
34050377,App Testing Siebel
34055981,App Testing Siebel
34057613,App Testing Siebel
10275537,App Testing Siebel
10289675,App Testing Siebel
78902121,App Testing Siebel
78903760,App Testing Siebel
78904388,App Testing Siebel
78916565,App Testing Siebel
78939569,App Testing Siebel
78945199,App Testing Siebel
78949848,App Testing Siebel
34011804,Appian
34013055,Appian
34014364,Appian
34015367,Appian
34018183,Appian
34018286,Appian
34023006,Appian
34026469,Appian
34030485,Appian
34030488,Appian
34030795,Appian
34033767,Appian
34036113,Appian
34036156,Appian
34036163,Appian
34036316,Appian
34036966,Appian
34037343,Appian
34037643,Appian
34044624,Appian
34047835,Appian
34052767,Appian
34053349,Appian
10290918,Appian
78914801,Appian
78935134,Appian
78946924,Appian
78947012,Appian
78948089,Appian
78948569,Appian
78948667,Appian
78949308,Appian
78949318,Appian
78949572,Appian
78949868,Appian
78951020,Appian
34027037,Big Data Capability
34031899,Big Data Capability
34036072,Big Data Capability
34036159,Big Data Capability
34036319,Big Data Capability
34036964,Big Data Capability
34039370,Big Data Capability
34039371,Big Data Capability
34043043,Big Data Capability
34044510,Big Data Capability
34051918,Big Data Capability
10251809,Big Data Capability
10294087,Big Data Capability
10298360,Big Data Capability
78914922,Big Data Capability
78915584,Big Data Capability
34035524,Content Management
10266769,Content Management
78942342,Content Management
34014647,Data Analysis
10261182,Data Analysis
10272288,Data Analysis
10274907,Data Analysis
10281597,Data Analysis
10295420,Data Analysis
78920024,Data Analysis
78929425,Data Analysis
78937415,Data Analysis
78944217,Data Analysis
78948685,Data Analysis
10237243,Data Architecture
10278022,Data Architecture
10299991,Data Architecture
34011801,DB Testing 1
34032033,DB Testing 1
34036074,DB Testing 1
34038385,DB Testing 1
10289478,DB Testing 1
10296648,DB Testing 1
78900487,DB Testing 1
78914785,DB Testing 1
78914808,DB Testing 1
78929431,DB Testing 1
78943174,DB Testing 1
78943592,DB Testing 1
78948401,DB Testing 1
34011788,DB Testing 2
34011799,DB Testing 2
34011802,DB Testing 2
34011805,DB Testing 2
34033142,DB Testing 2
34035459,DB Testing 2
34054939,DB Testing 2
34055031,DB Testing 2
34056336,DB Testing 2
34056568,DB Testing 2
34056610,DB Testing 2
34056614,DB Testing 2
10287646,DB Testing 2
10289920,DB Testing 2
78902942,DB Testing 2
78904998,DB Testing 2
78905288,DB Testing 2
78909368,DB Testing 2
78914803,DB Testing 2
78946158,DB Testing 2
11041563,Delivery
91054297,Delivery
34016906,Delivery
34018218,Delivery
34018219,Delivery
34034655,Delivery
34045503,Delivery
34045514,Delivery
34047186,Delivery
34050680,Delivery
34052150,Delivery
23137074,Delivery
23141563,Delivery
23154297,Delivery
10204654,Delivery
10244150,Delivery
10247854,Delivery
10251594,Delivery
10253458,Delivery
10270711,Delivery
10272763,Delivery
10281921,Delivery
10290636,Delivery
10290654,Delivery
10291759,Delivery
10299262,Delivery
78903926,Delivery
78910728,Delivery
78932409,Delivery
78941900,Delivery
78944090,Delivery
78947532,Delivery
34011792,Development DB Prog
34011809,Development DB Prog
34026026,Development DB Prog
34034697,Development DB Prog
34036158,Development DB Prog
34044639,Development DB Prog
34044951,Development DB Prog
34056372,Development DB Prog
10245535,Development DB Prog
10292866,Development DB Prog
10294087,Development DB Prog
10298360,Development DB Prog
78900801,Development DB Prog
78918834,Development DB Prog
78941357,Development DB Prog
34011794,Development DW & ETL
34011797,Development DW & ETL
34011806,Development DW & ETL
34011808,Development DW & ETL
34019352,Development DW & ETL
34035890,Development DW & ETL
34036158,Development DW & ETL
34036164,Development DW & ETL
34044965,Development DW & ETL
10244650,Development DW & ETL
10290336,Development DW & ETL
10292866,Development DW & ETL
78915545,Development DW & ETL
78937629,Development DW & ETL
78937966,Development DW & ETL
78943331,Development DW & ETL
34011793,Development Java 1
34011795,Development Java 1
34011810,Development Java 1
34023317,Development Java 1
34026309,Development Java 1
34027217,Development Java 1
34027340,Development Java 1
34027342,Development Java 1
34030232,Development Java 1
34036076,Development Java 1
34036151,Development Java 1
34056851,Development Java 1
78901542,Development Java 1
78910403,Development Java 1
78915527,Development Java 1
78917444,Development Java 1
78919018,Development Java 1
78922191,Development Java 1
78935151,Development Java 1
78935441,Development Java 1
78938880,Development Java 1
78938881,Development Java 1
78939658,Development Java 1
78939897,Development Java 1
78941333,Development Java 1
78942125,Development Java 1
78947423,Development Java 1
78947819,Development Java 1
78947824,Development Java 1
78948565,Development Java 1
78950251,Development Java 1
34007345,Development Microsoft
34025843,Development Microsoft
34036161,Development Microsoft
34036308,Development Microsoft
34037497,Development Microsoft
34039924,Development Microsoft
34040509,Development Microsoft
34047724,Development Microsoft
34049165,Development Microsoft
34049166,Development Microsoft
34049534,Development Microsoft
34050300,Development Microsoft
10262370,Development Microsoft
10294447,Development Microsoft
10297220,Development Microsoft
78906237,Development Microsoft
78911043,Development Microsoft
78911111,Development Microsoft
78928791,Development Microsoft
78940144,Development Microsoft
78945055,Development Microsoft
78945240,Development Microsoft
78945529,Development Microsoft
78945743,Development Microsoft
78947602,Development Microsoft
78948545,Development Microsoft
34017133,Development MuleSoft
34017935,Development MuleSoft
34018430,Development MuleSoft
34019502,Development MuleSoft
34023548,Development MuleSoft
34036166,Development MuleSoft
34036984,Development MuleSoft
34055534,Development MuleSoft
34055586,Development MuleSoft
34056235,Development MuleSoft
34056327,Development MuleSoft
34056617,Development MuleSoft
34057549,Development MuleSoft
34057691,Development MuleSoft
34058172,Development MuleSoft
34058173,Development MuleSoft
34058175,Development MuleSoft
34058550,Development MuleSoft
10239567,Development MuleSoft
78908005,Development MuleSoft
10239178,Development Q2
10251034,Development Q2
10289707,Development Q2
10290295,Development Q2
34028610,Development SalesForce
34036160,Development SalesForce
34037501,Development SalesForce
34038722,Development SalesForce
34038758,Development SalesForce
34042480,Development SalesForce
34043050,Development SalesForce
34044979,Development SalesForce
34047718,Development SalesForce
34048270,Development SalesForce
34048361,Development SalesForce
34048565,Development SalesForce
34048636,Development SalesForce
34048639,Development SalesForce
34048641,Development SalesForce
34048723,Development SalesForce
34048882,Development SalesForce
34048956,Development SalesForce
34048995,Development SalesForce
34049023,Development SalesForce
34049948,Development SalesForce
34050067,Development SalesForce
34050177,Development SalesForce
34050297,Development SalesForce
34050387,Development SalesForce
34050399,Development SalesForce
34050590,Development SalesForce
34050745,Development SalesForce
34050819,Development SalesForce
34050842,Development SalesForce
34050932,Development SalesForce
34051453,Development SalesForce
34051710,Development SalesForce
34054882,Development SalesForce
34055323,Development SalesForce
34055372,Development SalesForce
34055486,Development SalesForce
34055754,Development SalesForce
34056300,Development SalesForce
34056626,Development SalesForce
34057147,Development SalesForce
34057161,Development SalesForce
34057330,Development SalesForce
34057346,Development SalesForce
34057828,Development SalesForce
34057985,Development SalesForce
34058021,Development SalesForce
34058218,Development SalesForce
34058281,Development SalesForce
34058429,Development SalesForce
34058471,Development SalesForce
34058757,Development SalesForce
34022746,Development Siebel
34034125,Development Siebel
34034546,Development Siebel
34035248,Development Siebel
34035366,Development Siebel
10237506,Development Siebel
78904244,Development Siebel
78918850,Development Siebel
78939607,Development Siebel
34058271,DevOps
78902587,DevOps
78941270,Emerging
78945542,Emerging
34006110,Mobile Technologies
34043713,Mobile Technologies
34050999,Mobile Technologies
34051072,Mobile Technologies
34053206,Mobile Technologies
10291173,Performance Engg.
78910544,Performance Engg.
